,Title,Company,Link,Date
0,newStrategy & Business Modeling Business Analyst - Summer 2022...,BTS,https://indeed.com/cmp/Bts-5692bccb,PostedJust posted
1,newQA Engineer,Utilities International,"https://indeed.com/q-Utilities-International-l-San-Francisco,-CA-jobs.html",PostedToday
2,newCybersecurity - Identity and Access Management (IAM) - Assoc...,PRICE WATERHOUSE COOPERS,https://indeed.com/cmp/Pwc-Canada,PostedToday
3,newProject Management/Business Analysis Consulting Associate,PRICE WATERHOUSE COOPERS,https://indeed.com/cmp/Pwc-Canada,PostedToday
4,newBI Data Analyst,FocusKPI Inc.,"https://indeed.com/jobs?q=Focuskpi+Inc&l=San+Francisco,+CA&nc=jasx",PostedToday
5,newIT Support Associate / Technician,Fuji INC (dba ZERO& / Hanabi cake),"https://indeed.com/jobs?q=Fuji+Inc+(dba+Zero%26+Hanabi+Cake)&l=San+Francisco,+CA&nc=jasx",PostedToday
6,newCurriculum Development Manager,Hack the Hood,https://indeed.com/cmp/Hack-the-Hood,PostedToday
7,"newPrincipal UX Researcher, Employee Experience",Expedia.com,https://indeed.com/cmp/Expedia-Group,PostedToday
8,"newData Scientist, Analytics - Premium Products",Discord,https://indeed.com/cmp/Discord,PostedToday
9,"newData Scientist, Experimentations",Wish,https://indeed.com/cmp/Wish-2,PostedToday
10,newIT Support Technician - Colleague experience,"Baker Tilly US, LLP",https://indeed.com/cmp/Baker-Tilly,PostedToday
11,"newAnalyst, Global Business Intelligence",GroupM,https://indeed.com/cmp/Groupm,PostedToday
12,newDevOps Lead,Grid Dynamics,https://indeed.com/addlLoc/redirect?tk=1fpgjl4bbocjm800&jk=188ff73c3eb395f0&dest=%2Fjobs%3Fq%3Dsoftware%26l%3Dsan%2Bfrancisco%2Bbay%2Barea%26radius%3D15%26explvl%3Dentry_level%26sort%3Ddate%26limit%3D50%26fromage%3Dlast%26grpKey%3D8gcGdG5mdGNsuA%252FN326qECwKCW5vcm10aXRsZRofZGV2ZWxvcG1lbnQgb3BlcmF0aW9ucyBlbmdpbmVlcg%253D%253D,PostedToday
13,newTransportation Services Project and Data Manager,Vivalon,https://indeed.com/cmp/Vivalon,Posted1 day ago
14,newLMS Platform Tool Admin,MATRIX Resources,https://indeed.com/cmp/Matrix-Resources,Posted1 day ago
15,newAndroid Engineer,Uber,https://indeed.com/cmp/Uber,Posted1 day ago
16,"newSoftware Engineer, University Grad",Facebook App,https://indeed.com/cmp/Meta-dd1502f2,Posted1 day ago
17,newEntry Level Software Sales Trainee,Reynolds and Reynolds,https://indeed.com/cmp/The-Reynolds-and-Reynolds-Company,Posted1 day ago
18,newIT Technician,U.S. Army,https://indeed.com/cmp/U.S.-Army,Posted1 day ago
19,"newProduct Manager, Automated Support, Customer Obsession",Uber,https://indeed.com/cmp/Uber,Posted1 day ago
20,newJunior Front End Engineer- Remote,Cover Genius,"https://indeed.com/q-Cover-Genius-l-San-Francisco,-CA-jobs.html",Posted1 day ago
21,newSoftware Engineer - Opportunity for Working Remotely San Fra...,VMware,https://indeed.com/cmp/Vmware,Posted1 day ago
22,newTechnical Support Engineer (Federal) (3rd Shift Sunday Night...,VMware,https://indeed.com/cmp/Vmware,Posted1 day ago
23,newContent & Communications Strategist,Redbubble,https://indeed.com/cmp/Redbubble,Posted1 day ago
24,newData Engineer (Hybrid),Alldus,"https://indeed.com/q-Alldus-l-San-Francisco,-CA-jobs.html",Posted1 day ago
25,newIT Process Manager (Scrum & ITIL),Pinterest,https://indeed.com/cmp/Pinterest,Posted1 day ago
26,"newBitcoin Engineer, Spiral",Block,https://indeed.com/cmp/Block,Posted1 day ago
27,newEntry-Level Mobile React Native Engineer,Quintrix Solutions Inc,"https://indeed.com/jobs?q=Quintrix+Solutions+Inc&l=San+Francisco,+CA&nc=jasx",Posted1 day ago
28,newOSS Fulfillment/Network Architect,IBM,https://indeed.com/cmp/IBM,Posted1 day ago
29,newQuality Assurance Engineer,Valtix,"https://indeed.com/q-Valtix-l-San-Francisco-Bay-Area,-CA-jobs.html",Posted1 day ago
30,newData Quality Manager,C2L Marketing,"https://indeed.com/q-C2l-Marketing-l-San-Francisco,-CA-jobs.html",Posted1 day ago
31,newWeb Developer,Esocietybazaar,"https://indeed.com/q-Esocietybazaar-l-San-Francisco,-CA-jobs.html",Posted1 day ago
32,"newIT Cybersecurity Specialist (INFOSEC), GS-2210-11/12",U.S. Coast Guard,https://indeed.com/cmp/U.S.-Coast-Guard,Posted1 day ago
33,newNetwork Engineer (DC) SME-Perm(WFH-Flex),CruiTek,"https://indeed.com/q-Cruitek-l-San-Francisco,-CA-jobs.html",Posted1 day ago
34,newFull Stack Python Developer,Najo Media,"https://indeed.com/q-Najo-Media-l-San-Francisco,-CA-jobs.html",Posted1 day ago
35,newJava Developer,Calypso Way,https://indeed.com/addlLoc/redirect?tk=1fpgjl4bbocjm800&jk=aa29d75aa2654d7e&dest=%2Fjobs%3Fq%3Dsoftware%26l%3Dsan%2Bfrancisco%2Bbay%2Barea%26radius%3D15%26explvl%3Dentry_level%26sort%3Ddate%26limit%3D50%26fromage%3Dlast%26grpKey%3D8gcGdG5mdGNsuA%252BTwpIwqhAbCglub3JtdGl0bGUaDmphdmEgZGV2ZWxvcGVy,Posted1 day ago
36,newITS Analytics Engineer - Flexible Location,Avanade,https://indeed.com/cmp/Avanade,Posted1 day ago
37,newAzure Cloud Application Solutions Architect,Delta Dental Ins.,https://indeed.com/cmp/Delta-Dental-Ins.,Posted1 day ago
38,newTax Consulting Quantitative Solutions Experienced Associate,PRICE WATERHOUSE COOPERS,https://indeed.com/cmp/Pwc-Canada,Posted1 day ago
39,newManufacturing Test Engineer II,Solta Medical,https://indeed.com/cmp/Solta-Medical,Posted1 day ago
40,newEscalation Engineer,Intelligent Technical Solutions,"https://indeed.com/q-Intelligent-Technical-Solutions-l-San-Francisco,-CA-jobs.html",Posted1 day ago
41,newNIS - Active Directory Services Operations Engineer,PRICE WATERHOUSE COOPERS,https://indeed.com/cmp/Pwc-Canada,Posted1 day ago
42,"newSoftware Engineer, Desktop",Notion,https://indeed.com/addlLoc/redirect?tk=1fpgjl4bbocjm800&jk=419d5a3945990571&dest=%2Fjobs%3Fq%3Dsoftware%26l%3Dsan%2Bfrancisco%2Bbay%2Barea%26radius%3D15%26explvl%3Dentry_level%26sort%3Ddate%26limit%3D50%26fromage%3Dlast%26grpKey%3D8gcGdG5mdGNsuA%252B8w8czqhAeCglub3JtdGl0bGUaEXNvZnR3YXJlIGVuZ2luZWVy,Posted2 days ago
43,newSoftware Engineer,Akia,"https://indeed.com/q-Akia-l-San-Francisco,-CA-jobs.html",Posted2 days ago
44,newSoftware Developer (Java),ITExpertUS,"https://indeed.com/q-Itexpertus-l-San-Francisco,-CA-jobs.html",Posted2 days ago
45,newBusiness Analyst,IV it solutions,"https://indeed.com/q-IV-IT-Solutions-l-San-Francisco,-CA-jobs.html",Posted2 days ago
46,newPython Developer - Remote,Datamatics Global Services Inc,https://indeed.com/cmp/Datamatics-Global-Services-Ltd,Posted2 days ago
47,newData Architect,Triune Infomatics Inc,"https://indeed.com/jobs?q=Triune+Infomatics+Inc&l=Oakland,+CA&nc=jasx",Posted2 days ago
48,newLinux Systems Administrator,PROLIM Corporation,"https://indeed.com/jobs?q=Prolim+Corporation&l=Burlingame,+CA&nc=jasx",Posted2 days ago
49,newSAP Solution Architect,Cognizant Technology Solutions,https://indeed.com/cmp/Cognizant-Technology-Solutions,Posted2 days ago
